idArtifact,Title,URL,Total Chunks,Sections,Subsections,Subsubsections
1,Contributing to CIROH Hub,https://docs.ciroh.org/docs/contribute/,6,1,5,0
2,Working with the CIROH Hub repository,https://docs.ciroh.org/docs/contribute/repository/,5,1,4,0
3,CIROH Hub technologies,https://docs.ciroh.org/docs/contribute/technologies/,4,1,3,0
4,Policies and Best Practices,https://docs.ciroh.org/docs/policies/,1,1,0,0
5,Cyberinfrastructure,https://docs.ciroh.org/docs/policies/CyberinfrastructurePolicy/,1,1,0,0
6,Standard Operating Procedures,https://docs.ciroh.org/docs/policies/CyberinfrastructurePolicy/sop/,3,1,2,0
7,Data and Code Sharing,https://docs.ciroh.org/docs/policies/DataAndCodeSharingPolicy/,1,1,0,0
8,Policy and Guidance,https://docs.ciroh.org/docs/policies/DataAndCodeSharingPolicy/Policies/,4,1,3,0
9,Recommendations,https://docs.ciroh.org/docs/policies/DataAndCodeSharingPolicy/Recommendations/,7,1,6,0
10,NextGen Framework,https://docs.ciroh.org/docs/policies/NextGen/,4,1,3,0
11,Community Resource Documentation,https://docs.ciroh.org/docs/products/,1,1,0,0
12,Hydrofabric,https://docs.ciroh.org/docs/products/Hydrofabric/,3,1,2,0
13,CIROH Hydrologic Prediction Testbed (CHPT),https://docs.ciroh.org/docs/products/chpt/,2,1,1,0
14,Harmful Algal Blooms,https://docs.ciroh.org/docs/products/chpt/habs/,3,1,2,0
15,Community Flood Inundation Mapping,https://docs.ciroh.org/docs/products/community-fim/,0,0,0,0
16,FIM Database for Multi-Model Visualization,https://docs.ciroh.org/docs/products/community-fim/fim-database/,10,1,6,3
17,FIM Evaluation Framework,https://docs.ciroh.org/docs/products/community-fim/fimeval/,10,0,2,8
18,FIM as a Service,https://docs.ciroh.org/docs/products/community-fim/fimserv/,7,1,0,6
19,Data Management and Access Tools,https://docs.ciroh.org/docs/products/data-management/,0,0,0,0
20,NWM BigQuery API,https://docs.ciroh.org/docs/products/data-management/bigquery-api/,2,2,0,0
21,Data Access,https://docs.ciroh.org/docs/products/data-management/dataaccess/,6,1,1,4
22,nwmurl,https://docs.ciroh.org/docs/products/data-management/dataaccess/NWMURL Library/,7,1,6,0
23,HydroServer,https://docs.ciroh.org/docs/products/data-management/hydroserver/,6,1,5,0
24,HydroShare,https://docs.ciroh.org/docs/products/data-management/hydroshare/,7,1,6,0
25,NETWA,https://docs.ciroh.org/docs/products/data-management/netwa/,5,1,4,0
26,Getting Started,https://docs.ciroh.org/docs/products/data-management/netwa/gettingstarted/,5,0,3,2
27,Water Prediction Node,https://docs.ciroh.org/docs/products/data-management/waternode/,4,1,3,0
28,Evaluation Tools,https://docs.ciroh.org/docs/products/evaluation/,0,0,0,0
29,CSES,https://docs.ciroh.org/docs/products/evaluation/cses/,10,2,3,5
30,TEEHR,https://docs.ciroh.org/docs/products/evaluation/rtiteehr/,8,2,6,0
31,Machine Learning and AI Tools,https://docs.ciroh.org/docs/products/ml-ai/,0,0,0,0
32,NWM-ML,https://docs.ciroh.org/docs/products/ml-ai/nwm_ml/,2,2,0,0
33,SWEML,https://docs.ciroh.org/docs/products/ml-ai/sweml/,10,2,6,2
34,Mobile Apps,https://docs.ciroh.org/docs/products/mobile-apps/,0,0,0,0
35,CIROH RIVR App,https://docs.ciroh.org/docs/products/mobile-apps/RIVR/,13,0,13,0
36,What is the National Water Model?,https://docs.ciroh.org/docs/products/national-water-model/,3,1,2,0
37,NextGen In A Box,https://docs.ciroh.org/docs/products/ngiab/,5,1,0,4
38,Community NextGen Repos,https://docs.ciroh.org/docs/products/ngiab/community-nextgen-repos/,1,1,0,0
39,lstm,https://docs.ciroh.org/docs/products/ngiab/community-nextgen-repos/lstm/,1,0,1,0
40,ngen,https://docs.ciroh.org/docs/products/ngiab/community-nextgen-repos/ngen/,5,0,3,2
41,rust-lstm,https://docs.ciroh.org/docs/products/ngiab/community-nextgen-repos/rust-lstm/,10,1,9,0
42,t-route,https://docs.ciroh.org/docs/products/ngiab/community-nextgen-repos/t-route/,3,1,2,0
43,Components,https://docs.ciroh.org/docs/products/ngiab/components/,1,1,0,0
44,Community Hydrofabric Patcher,https://docs.ciroh.org/docs/products/ngiab/components/community-hydrofabric/,7,1,4,2
45,NGIAB Calibration,https://docs.ciroh.org/docs/products/ngiab/components/ngiab-calibration/,23,1,16,6
46,NGIAB Data Preprocess,https://docs.ciroh.org/docs/products/ngiab/components/ngiab-preprocessor/,26,6,12,8
47,NGIAB TEEHR Integration,https://docs.ciroh.org/docs/products/ngiab/components/ngiab-teehr/,2,1,0,1
48,NGIAB Tethys Visualization Integration,https://docs.ciroh.org/docs/products/ngiab/components/ngiab-visualizer/,18,2,9,7
49,GitHub Repository Dashboard,https://docs.ciroh.org/docs/products/ngiab/dashboard/,1,1,0,0
50,Distributions,https://docs.ciroh.org/docs/products/ngiab/distributions/,1,1,0,0
51,NextGen on CIROH-2i2c JupyterHub,https://docs.ciroh.org/docs/products/ngiab/distributions/nextgen-2i2c/,4,1,3,0
52,NGIAB-CloudInfra,https://docs.ciroh.org/docs/products/ngiab/distributions/ngiab-docker/,11,1,6,4
53,Building the NGIAB Docker Container,https://docs.ciroh.org/docs/products/ngiab/distributions/ngiab-docker/building/,8,1,4,3
54,Contact Us,https://docs.ciroh.org/docs/products/ngiab/distributions/ngiab-docker/contact/,5,1,4,0
55,Contribution Guidelines,https://docs.ciroh.org/docs/products/ngiab/distributions/ngiab-docker/contribute/,4,1,3,0
56,Getting Started,https://docs.ciroh.org/docs/products/ngiab/distributions/ngiab-docker/getting-started/,3,2,1,0
57,Installation,https://docs.ciroh.org/docs/products/ngiab/distributions/ngiab-docker/install/,9,1,2,6
58,Specifications,https://docs.ciroh.org/docs/products/ngiab/distributions/ngiab-docker/specifications/,1,1,0,0
59,Containers and Guide Scripts,https://docs.ciroh.org/docs/products/ngiab/distributions/ngiab-docker/specifications/containers/,13,1,3,9
60,Included Models,https://docs.ciroh.org/docs/products/ngiab/distributions/ngiab-docker/specifications/models/,12,3,9,0
61,Realization Files,https://docs.ciroh.org/docs/products/ngiab/distributions/ngiab-docker/specifications/realizations/,9,1,6,2
62,Model Run Directories,https://docs.ciroh.org/docs/products/ngiab/distributions/ngiab-docker/specifications/run-directories/,3,1,0,2
63,NGIAB-HPCInfra,https://docs.ciroh.org/docs/products/ngiab/distributions/ngiab-singularity/,4,1,3,0
64,Intro to NGIAB,https://docs.ciroh.org/docs/products/ngiab/intro/,1,1,0,0
65,NGIAB at a Glance,https://docs.ciroh.org/docs/products/ngiab/intro/at-a-glance/,1,1,0,0
66,Run Configuration Directory Structure,https://docs.ciroh.org/docs/products/ngiab/intro/directories/,3,1,0,2
67,Glossary,https://docs.ciroh.org/docs/products/ngiab/intro/glossary/,27,0,3,24
68,Installing NGIAB Locally,https://docs.ciroh.org/docs/products/ngiab/intro/install/,9,1,2,6
69,"NWM, NextGen, and NGIAB",https://docs.ciroh.org/docs/products/ngiab/intro/what-is/,5,1,4,0
70,Cyberinfrastructure and Community NextGen Office Hours,https://docs.ciroh.org/docs/products/ngiab/office-hours/,4,1,3,0
71,NextGen Research Datastream,https://docs.ciroh.org/docs/products/research-datastream/,2,2,0,0
72,DatastreamCLI,https://docs.ciroh.org/docs/products/research-datastream/datastreamcli/,4,1,3,0
73,Internal Breakdown,https://docs.ciroh.org/docs/products/research-datastream/datastreamcli/breakdown/,12,2,10,0
74,Directory Structure,https://docs.ciroh.org/docs/products/research-datastream/datastreamcli/directories/,5,1,1,3
75,Installation,https://docs.ciroh.org/docs/products/research-datastream/datastreamcli/install/,2,1,1,0
76,Available Models,https://docs.ciroh.org/docs/products/research-datastream/datastreamcli/models/,4,1,3,0
77,CLI Options,https://docs.ciroh.org/docs/products/research-datastream/datastreamcli/options/,4,1,0,3
78,Datastream Python Tools,https://docs.ciroh.org/docs/products/research-datastream/datastreamcli/python_tools/,1,1,0,0
79,Usage Guide,https://docs.ciroh.org/docs/products/research-datastream/datastreamcli/usage/,5,2,3,0
80,Forcing Processor,https://docs.ciroh.org/docs/products/research-datastream/forcingprocessor/,9,2,6,1
81,Forcing Sources,https://docs.ciroh.org/docs/products/research-datastream/forcingprocessor/forcing_sources/,1,1,0,0
82,NextGen Research Datastream,https://docs.ciroh.org/docs/products/research-datastream/nrds-aws/,5,4,1,0
83,Operational Changelog,https://docs.ciroh.org/docs/products/research-datastream/nrds-aws/changelog/,2,2,0,0
84,NextGen Research Datastream for On-Premises,https://docs.ciroh.org/docs/products/research-datastream/nrds-onprem/,13,2,10,1
85,nwmurl,https://docs.ciroh.org/docs/products/research-datastream/nwmurl/,8,2,6,0
86,Snow Sensing and Modeling Tools,https://docs.ciroh.org/docs/products/snow-tools/,6,1,3,2
87,Optimized Snow Sensor Location,https://docs.ciroh.org/docs/products/snow-tools/optimize-sensors/,1,0,1,0
88,Intro to Snow Observations Modeling Analysis,https://docs.ciroh.org/docs/products/snow-tools/snow-intro/,1,1,0,0
89,Snow Sensing,https://docs.ciroh.org/docs/products/snow-tools/snow-sensing/,6,1,3,2
90,SWEMLv2.0,https://docs.ciroh.org/docs/products/snow-tools/sweml-v2-0/,6,2,3,1
91,Visualization and Analysis Tools,https://docs.ciroh.org/docs/products/visualization/,0,0,0,0
92,Tethys-CSES,https://docs.ciroh.org/docs/products/visualization/tethys-cses/,11,2,5,4
93,Publications,https://docs.ciroh.org/docs/publications/,1,1,0,0
94,CIROH CyberInfrastructure,https://docs.ciroh.org/docs/services/,6,1,5,0
95,Infrastructure Access,https://docs.ciroh.org/docs/services/access/,1,1,0,0
96,Public Cloud,https://docs.ciroh.org/docs/services/cloudservices/,1,1,0,0
97,CIROH-2i2c JupyterHub,https://docs.ciroh.org/docs/services/cloudservices/2i2c/,12,1,8,3
98,Server Image Configurations,https://docs.ciroh.org/docs/services/cloudservices/2i2c/available-images/,3,1,2,0
99,Persistent Conda Environment,https://docs.ciroh.org/docs/services/cloudservices/2i2c/conda/,5,1,0,4
100,Request Custom Images,https://docs.ciroh.org/docs/services/cloudservices/2i2c/custom-images/,4,1,0,3
101,JupyterHub User Directory,https://docs.ciroh.org/docs/services/cloudservices/2i2c/directory/,4,1,0,3
102,Manage files in GCP bucket,https://docs.ciroh.org/docs/services/cloudservices/2i2c/gcp-object-storage/,9,1,1,7
103,Push and Pull to GitHub,https://docs.ciroh.org/docs/services/cloudservices/2i2c/github-push/,2,1,0,1
104,HydroShare Integration,https://docs.ciroh.org/docs/services/cloudservices/2i2c/hydroshare-integration/,11,1,5,5
105,Python Package Version Conflicts,https://docs.ciroh.org/docs/services/cloudservices/2i2c/python-package-conflicts/,3,1,0,2
106,Prevent Server Timeout,https://docs.ciroh.org/docs/services/cloudservices/2i2c/server-timeout/,4,2,0,2
107,HydroShare,https://docs.ciroh.org/docs/services/cloudservices/HydroShare/,8,1,3,4
108,CIROH AWS Account,https://docs.ciroh.org/docs/services/cloudservices/aws/,6,1,5,0
109,Documentation and Tutorial,https://docs.ciroh.org/docs/services/cloudservices/aws/documentation/,0,0,0,0
110,AWS Best Practices,https://docs.ciroh.org/docs/services/cloudservices/aws/documentation/aws-best-practice/,7,1,6,0
111,,https://docs.ciroh.org/docs/services/cloudservices/aws/documentation/data-science-tools/,1,1,0,0
112,Tag Resources on AWS,https://docs.ciroh.org/docs/services/cloudservices/aws/documentation/tagging/,2,2,0,0
113,CIROH AWS Office Hours,https://docs.ciroh.org/docs/services/cloudservices/aws/officehours/,1,1,0,0
114,Cloud Services Blogs,https://docs.ciroh.org/docs/services/cloudservices/cloudserviceblogs/,4,1,3,0
115,CUAHSI JupyterHub,https://docs.ciroh.org/docs/services/cloudservices/cuahsi/,7,1,3,3
116,CIROH Google Account,https://docs.ciroh.org/docs/services/cloudservices/google-cloud/,6,1,5,0
117,External Resources,https://docs.ciroh.org/docs/services/external-resources/,1,1,0,0
118,NSF Access,https://docs.ciroh.org/docs/services/external-resources/nsf-access/,2,2,0,0
119,Anvil,https://docs.ciroh.org/docs/services/external-resources/nsf-access/anvil/,2,1,0,1
120,NSF NCAR Derecho,https://docs.ciroh.org/docs/services/external-resources/nsf-access/derecho/,2,1,0,1
121,JetStream2,https://docs.ciroh.org/docs/services/external-resources/nsf-access/jetstream/,3,1,0,2
122,On-Premises,https://docs.ciroh.org/docs/services/on-prem/,3,1,2,0
123,Pantarhei,https://docs.ciroh.org/docs/services/on-prem/Pantarhei/,2,1,0,1
124,Running Jobs,https://docs.ciroh.org/docs/services/on-prem/Pantarhei/RunningJobs/,2,1,0,1
125,Accessing the Compute Nodes,https://docs.ciroh.org/docs/services/on-prem/Pantarhei/RunningJobs/computenode/,1,1,0,0
126,Accessing the System,https://docs.ciroh.org/docs/services/on-prem/Pantarhei/access/,4,1,0,3
127,Obtaining an Account,https://docs.ciroh.org/docs/services/on-prem/Pantarhei/obtain/,2,1,0,1
128,System Architecture,https://docs.ciroh.org/docs/services/on-prem/Pantarhei/sysinfo/,2,1,0,1
129,Wukong,https://docs.ciroh.org/docs/services/on-prem/Wukong/,2,1,0,1
130,Accessing the System,https://docs.ciroh.org/docs/services/on-prem/Wukong/access/,4,1,0,3
131,Obtaining an Account,https://docs.ciroh.org/docs/services/on-prem/Wukong/obtain/,2,1,0,1
132,System Architecture,https://docs.ciroh.org/docs/services/on-prem/Wukong/sysinfo/,2,0,0,2
133,CIROH Subdomain Request Form,https://docs.ciroh.org/docs/services/subdomain/,1,1,0,0
134,AWRA 2024 Spring Conference,https://docs.ciroh.org/blog/AWRA 2024 Spring Conference/,1,1,0,0
135,CIROH Cloud User Success Story,https://docs.ciroh.org/blog/August Monthly Blog Update/,9,1,2,6
136,Monthly News Update - February 2024,https://docs.ciroh.org/blog/Community NextGen Updates Feb 2024/,1,1,0,0
137,Monthly News Update - March 2024,https://docs.ciroh.org/blog/Community NextGen Updates March 2024/,1,1,0,0
138,CIROH at AGU 2024,https://docs.ciroh.org/blog/December Monthly Blog Update/,4,1,2,1
139,Pennsylvania State University Researchers Leverage CIROH Cyberinfrastructure for Advanced Hydrological Modeling ,https://docs.ciroh.org/blog/February Monthly Blog Update/,6,1,3,2
140,Google Cloud Next '24: A Flood of Innovation and Inspiration,https://docs.ciroh.org/blog/Google Cloud Next 2024/,1,1,0,0
141,CIROH Research CyberInfrastructure Update,https://docs.ciroh.org/blog/July Monthly IT Update/,5,1,0,4
142,NextGen Framework Forcings,https://docs.ciroh.org/blog/NextGen Forcings/,2,0,1,1
143,NextGen In A Box v1.1.0 Release,https://docs.ciroh.org/blog/NextGen In A Box Release Notes/,1,1,0,0
144,NextGen Monthly News Update - December 2023,https://docs.ciroh.org/blog/NextGen Updates Dec 2023/,1,1,0,0
145,NextGen Monthly News Update - January 2024,https://docs.ciroh.org/blog/NextGen Updates Jan 2024/,1,1,0,0
146,NextGen Monthly News Update - November 2023,https://docs.ciroh.org/blog/NextGen Updates Nov 2023/,1,1,0,0
147,NextGen In A Box Updates,https://docs.ciroh.org/blog/NextGen-In-A-Box Release Notes/,1,1,0,0
148,Community NextGen Updates,https://docs.ciroh.org/blog/November Monthly Blog Update/,10,1,5,4
149,CIROH Science Meeting 2024,https://docs.ciroh.org/blog/October Monthly Blog Update/,8,1,7,0
150,Accessing National Water Model (NWM) Data via Google Cloud BigQuery API,https://docs.ciroh.org/blog/September Monthly Blog Update/,3,2,1,0
151,CIROH Cyberinfrastructure and Hydroinformatics Team at AGU25,https://docs.ciroh.org/blog/agu2025/,10,1,6,3
152,AORC Data in Your Hands: User-Friendly Jupyter Notebooks for Data Retrieval and Analysis via CIROH-2i2c JupyterHub Notebooks,https://docs.ciroh.org/blog/aorc-data-access/,2,1,0,1
153,Google Cloud Next 2025: Innovation at Scale ✨,https://docs.ciroh.org/blog/april-2025-update/,5,1,4,0
154,AWS re:Invent 2025: Key Insights for Research and Cyberinfrastructure ,https://docs.ciroh.org/blog/aws-reinvent-2025/,6,0,6,0
155,Building Bridges: CIROH–Penn State Collaboration Formalizes Differentiable Modeling for NRDS,https://docs.ciroh.org/blog/ciroh-psu-collab/,6,1,3,2
156,CIROH Developers Conference 2024,https://docs.ciroh.org/blog/devcon24-retrospective/,1,1,0,0
157,DevCon 2025: A DevOps and Cyberinfrastructure Success Story,https://docs.ciroh.org/blog/devcon25-infra/,9,1,4,4
158,DevCon 2025: Hydroinformatics and Research CyberInfrastructure Keynote,https://docs.ciroh.org/blog/devcon25-keynote/,3,2,1,0
159,Application of NOAA-OWP's NextGen Framework: DevCon 2025 and EWRI Congress 2025 Highlights,https://docs.ciroh.org/blog/ewri-devcon25-ngiab/,3,1,0,2
160,Assessing Streamflow Forecast Over the Hackensack River Watershed Using NGIAB,https://docs.ciroh.org/blog/ismart-ngiab-application/,1,1,0,0
161,Cross-Institutional Collaboration Enhances Hydrologic Modeling in the Logan River Watershed,https://docs.ciroh.org/blog/logan-river-collaboration/,1,1,0,0
162,🌟 UA's Alabama Water Institute Showcases 30-Minute Hydrological Modeling Revolution🌟,https://docs.ciroh.org/blog/march-2025-update/,2,1,1,0
163,δHBV2.0: How NGIAB and Wukong HPC Streamlined Advanced Hydrologic Modeling,https://docs.ciroh.org/blog/may-2025-update/,2,1,1,0
164,Evaluating NextGen’s Performance in the MARFC Region with NGIAB,https://docs.ciroh.org/blog/nextgen-marfc-performance/,2,1,1,0
165,"NGIAB Reaches 10,000 Docker Pulls: NextGen In A Box Makes Water Modeling More Accessible",https://docs.ciroh.org/blog/ngiab-10k/,7,1,6,0
166,CIROH Researchers Showcase Cutting-Edge Hydrologic Science at NHWC 2025,https://docs.ciroh.org/blog/nhwc-2025/,7,1,6,0
167,From Research to Impact: CIROH Science Meeting 2025 Resources and Reflections,https://docs.ciroh.org/blog/science-meeting-2025/,9,1,5,3
168,Moving Hydrologic Prediction Forward — A software integration meeting at the Alabama Water Institute,https://docs.ciroh.org/blog/software-integration-meeting/,5,1,4,0
169,Focusing on Streamflow Data: New Software for Camera-Based Hydrologic Modeling,https://docs.ciroh.org/blog/streamflow-data-camera-based-hydrologic-modeling-software/,5,1,2,2
170,Tethys Summit 2025: Advancing Geoscience with Open-Source Web Apps,https://docs.ciroh.org/blog/tethys-summit-2025/,4,0,4,0
171,01-09-2025 Release Notes,https://docs.ciroh.org/release-notes/v20250109/,1,0,1,0
172,04-08-2025 Release Notes,https://docs.ciroh.org/release-notes/v20250408/,4,1,3,0
173,04-16-2025 Release Notes,https://docs.ciroh.org/release-notes/v20250416/,2,0,2,0
174,05-05-2025 Release Notes,https://docs.ciroh.org/release-notes/v20250505/,2,0,2,0
175,05-16-2025 Release Notes,https://docs.ciroh.org/release-notes/v20250516/,3,0,3,0
176,05-22-2025 Release Notes,https://docs.ciroh.org/release-notes/v20250522/,2,0,2,0
177,05-27-2025 Release Notes,https://docs.ciroh.org/release-notes/v20250527/,2,0,2,0
178,06-04-2025 Release Notes,https://docs.ciroh.org/release-notes/v20250604/,2,0,2,0
179,06-11-2025 Release Notes,https://docs.ciroh.org/release-notes/v20250611/,2,0,2,0
180,07-01-2025 Release Notes,https://docs.ciroh.org/release-notes/v20250701/,2,0,2,0
181,07-24-2025 Release Notes,https://docs.ciroh.org/release-notes/v20250724/,1,0,1,0
182,08-01-2025 Release Notes,https://docs.ciroh.org/release-notes/v20250801/,2,0,2,0
183,08-29-2025 Release Notes,https://docs.ciroh.org/release-notes/v20250829/,3,0,3,0
184,09-12-2025 Release Notes,https://docs.ciroh.org/release-notes/v20250912/,2,1,1,0
185,10-01-2025 Release Notes,https://docs.ciroh.org/release-notes/v20251001/,3,0,3,0
186,11-03-2025 Release Notes,https://docs.ciroh.org/release-notes/v20251103/,4,1,3,0
187,11-26-2025 Release Notes,https://docs.ciroh.org/release-notes/v20251126/,2,0,2,0
188,12-09-2025 Release Notes,https://docs.ciroh.org/release-notes/v20251209/,2,0,2,0
189,12-12-2025 Release Notes,https://docs.ciroh.org/release-notes/v20251212/,2,0,2,0
